RU1TR19UQUJfVE9PTFRJUF9CQVNJQw==,bmFu,6riw67O4IOydtOuqqOyFmA==
RU1TR19UQUJfVE9PTFRJUF9QVVJDSEFTRQ==,bmFu,6rWs66ek
RU1TR19UQUJfVE9PTFRJUF9VTlBVUkNIQVNFRA==,bmFu,66+46rWs66ek
RU1TR19UQUJfVE9PTFRJUF9TRUFSQ0g=,bmFu,6rKA7IOJ
RU1TR19DQVNIX0VNT1RJT05fRlJFRV9QVVJDSEFTRV9RVUVTVElPTg==,IjIw7KO864WEIiDsnbTrqqjshZjsnYQg66y066OM66GcIOq1rOyehe2VmOyLnOqyoOyKteuLiOq5jD8=,XCJ7MH1cIiDsnbTrqqjshZjsnYQg66y066OM66GcIOq1rOunpO2VmOyLnOqyoOyKteuLiOq5jD8=
RU1TR19DQVNIX0VNT1RJT05fUFVSQ0hBU0VfUVVFU1RJT04=,IjIw7KO864WEIiDsnbTrqqjshZjsnYQg64Ol64uk656YIDEw6rCc66GcIOq1rOunpO2VmOyLnOqyoOyKteuLiOq5jD8g7IKs7Jqp65CcIOuDpeuLpOuemCDsl7Trp6TripQg7LKt7JW97LKg7ZqMIOuMgOyDgeyXkCDtj6ztlajrkJjsp4Ag7JWK7Iq164uI64ukLg==,XCJ7MH1cIiDsnbTrqqjshZjsnYQg64Ol64uk656YIOyXtOunpCB7MX3qsJzroZwg6rWs66ek7ZWY7Iuc6rKg7Iq164uI6rmMP1xuXkZGMjkzMeyCrOyaqeuQnCDrg6Xri6Trnpgg7Je066ek64qUXG7ssq3slb3ssqDtmowg64yA7IOB7JeQIO2PrO2VqOuQmOyngCDslYrsirXri4jri6Qu
RU1TR19TRUFSQ0hfV05EX0JBU0lDX1RJVExF,bmFu,6riw67O4IOydtOuqqOyFmA==
RU1TR19TRUFSQ0hfV05EX1BVUkNIQVNFX1RJVExF,bmFu,6rWs66ekIOydtOuqqOyFmA==
RU1TR19TRUFSQ0hfV05EX1VOUFVSQ0hBU0VEX1RJVExF,bmFu,66+46rWs66ekIOydtOuqqOyFmA==
RU1TR19QVVJDSEFTRV9GUkVFX1BSSUNF,66y066OM,66y066OM
RU1TR19QVVJDSEFTRV9QUklDRQ==,MTDqsJw=,e33qsJw=
RU1TR19FUFRfQkFTSUM=,bmFu,6riw67O4IOydtOuqqOyFmA==
RU1TR19FUFRfVEVTVDE=,bmFu,7YWM7Iqk7Yq4MQ==
RU1TR19FUFRfVEVTVDI=,bmFu,7YWM7Iqk7Yq4Mg==
RU1TR19FUFRfVEVTVDM=,bmFu,7YWM7Iqk7Yq4Mw==
RU1TR19FUFRfVEVTVDQ=,bmFu,7YWM7Iqk7Yq4NA==
RU1TR19FVF9DVVNUT01fMQ==,bmFu,L2N1c3RvbTE=
RU1TR19FVF9DVVNUT01fMg==,bmFu,L2N1c3RvbTI=
RU1TR19FVF9DVVNUT01fMw==,bmFu,L2N1c3RvbTM=
RU1TR19FVF9DVVNUT01fNA==,bmFu,L2N1c3RvbTQ=
RU1TR19FVF9DVVNUT01fNQ==,bmFu,L2N1c3RvbTU=
RU1TR19FVF9DVVNUT01fNg==,bmFu,L2N1c3RvbTY=
RU1TR19FVF9DVVNUT01fNw==,bmFu,L2N1c3RvbTc=
RU1TR19FVF9DVVNUT01fOA==,bmFu,L2N1c3RvbTg=
RU1TR19FVF9DVVNUT01fOQ==,bmFu,L2N1c3RvbTk=
RU1TR19FVF9DVVNUT01fMTA=,bmFu,L2N1c3RvbTEw
RU1TR19FUFRfSEFMTE9XRUVOXzIwMjM=,bmFu,MjAyM+2VoOuhnOyciA==
RU1TR19TVU5SSVNF,bmFu,L+ydvOy2nA==
RU1TR19IQUxMT1dFRU5fMjAyM19DVVNUT01fMQ==,bmFu,L+ydvOuqsA==
RU1TR19FUFRfMjFTVF9BTk5JVkVSU0FSWV82,bmFu,L+u+sOuhsQ==
RU1TR19FUFRfMjFTVF9BTk5JVkVSU0FSWV83,bmFu,L+ynnOuegA==
RU1TR19FUFRfMjFTVF9BTk5JVkVSU0FSWV84,bmFu,L+u5meq4gA==
RU1TR19FUFRfMjFTVF9BTk5JVkVSU0FSWV85,bmFu,L+yLoOuCqA==
RU1TR19FUFRfMjFTVF9BTk5JVkVSU0FSWV8xMA==,bmFu,L+q4sOuFkA==
RU1TR19FUFRfMjFTVF9BTk5JVkVSU0FSWQ==,bmFu,MjHso7zrhYQ=
RU1TR19IQUxMT1dFRU5fMjAyM18x,bmFu,L+2VoOuhnOyciDE=
RU1TR19FTU9USU9OX0VYUEFOVElPTl9OT1RfRU5PVUdIX05ZQU5HVklORQ==,bmFu,64Ol64uk656YIOqwr+yImOqwgCDrtoDsobHtlanri4jri6Qu
RU1TR19FTU9USU9OX0VYUEFOVElPTl9GQUlMX0RBVEU=,bmFu,7YyQ66ekIOq4sOqwhOydtCDsooXro4zrkJjsl4jsirXri4jri6Qu
RU1TR19FTU9USU9OX0VYUEFOVElPTl9GQUlMX0FMUkVBRFlfQlVZ,bmFu,7J2066+4IOq1rOunpO2VnCDsnbTrqqjshZjsnoXri4jri6Qu
RU1TR19FTU9USU9OX0VYUEFOVElPTl9GQUlMX0FOT1RIRVJfU0FMRV9CVVk=,bmFu,7J2066+4IOuLpOuluCDtjJDrp6Qg7YOA7J6F7Jy866GcIOq1rOunpO2VnCDsnbTrqqjshZjsnoXri4jri6Qu
RU1TR19FTU9USU9OX0VYUEFOVElPTl9GQUlMX1VOS05PV04=,bmFu,7J2066qo7IWYIOq1rOunpOyXkCDsi6TtjKgg7ZaI7Iq164uI64ukLg==
RU1TR19FTU9USU9OX0VYUEFOVElPTl9CVVlfU1VDQ0VTUw==,bmFu,7J2066qo7IWYIOq1rOunpOyXkCDshLHqs7Ug7ZaI7Iq164uI64ukLg==
RU1TR19FTU9USU9OX0VYUEFOVElPTl9VU0VfRkFJTF9EQVRF,bmFu,7J2066qo7IWYIOyCrOyaqSDquLDqsITsnbQg7KKF66OM65CY7JeI7Iq164uI64ukLg==
RU1TR19FTU9USU9OX0VYUEFOVElPTl9VU0VfRkFJTF9VTlBVUkNIQVNFRA==,bmFu,6rWs66ek7ZWY7KeAIOyViuydgCDsnbTrqqjshZjsnYAg7IKs7JqpIO2VoCDsiJgg7JeG7Iq164uI64ukLg==
RU1TR19FTU9USU9OX0VYUEFOVElPTl9VU0VfRkFJTF9VTktOT1dO,bmFu,7JWM7IiYIOyXhuuKlCDsmKTrpZjroZwg7J2066qo7IWY7J2EIOyCrOyaqSDtlaAg7IiYIOyXhuyKteuLiOuLpC4=
RU1TR19FTU9USU9OX0VYUEFOVElPTl9OT1RfRU5PVUdIX0JBU0lDU0tJTExfTEVWRUw=,bmFu,6riw67O4IOq4sOuKpSDroIjrsqjsnYQg7Lap7KGx7ZWY7KeAIOyViuyVhCDsnbTrqqjshZjsnYQg6rWs66ek7ZWgIOyImCDsl4bsirXri4jri6Qu
RU1TR19FTU9USU9OX1VTRV9GQUlMX1NLSUxMX0xFVkVM,bmFu,6riw67O4IOq4sOuKpSDroIjrsqjsnYQg7Lap7KGx7ZWY7KeAIOyViuyVhCDsnbTrqqjshZjsnYQg7IKs7Jqp7ZWgIOyImCDsl4bsirXri4jri6Qu
RU1TR19FTU9USU9OX1VTRUFCTEVfRVhQSVJFX1RJTUU=,64Ko7J2A7Iuc6rCEIFswMOydvCAwMOyLnCAwMOu2hF0=,64Ko7J2A7Iuc6rCEIFt7MDowMn3snbwgezE6MDJ97IucIHsyOjAyfeu2hF0=
RU1TR19FTU9USU9OX1NBTEVfRU5EX1RJTUU=,7YyQ66ek6riw6rCEIFsyMDIzLzEyLzMxIDAwOjAwXQ==,7YyQ66ek6riw6rCEIFt7MDowNH0vezE6MDJ9L3syOjAyfSB7MzowMn06ezQ6MDJ9XQ==
RU1TR19FTU9USU9OX0VYUElSRV9VU0VBQkxFX1RJTUU=,bmFu,e30g7J2066qo7IWYIOyCrOyaqSDquLDqsITsnbQg66eM66OM65CY7JeI7Iq164uI64ukLg==
RU1TR19OT1RJQ0VfU0FMRV9TVEFSVA==,bmFu,e30g7J2066qo7IWYIO2MkOunpOqwgCDsi5zsnpHrkJjsl4jsirXri4jri6Qu
RU1TR19OT1RJQ0VfU0FMRV9FTkQ=,bmFu,e30g7J2066qo7IWYIO2MkOunpOqwgCDsooXro4zrkJjsl4jsirXri4jri6Qu
RU1TR19QRVJJT0RfT0ZfVVNF,7KKF65+J7KCcIOydtOuqqOyFmCDqtazrp6Tsi5wg7IKs7JqpIOqwgOuKpSDsi5zqsIQg7ZGc6riw7Jqp,6rWs66ekIO2bhCwge33snbzqsIQg7IKs7Jqp7ZWgIOyImCDsnojsirXri4jri6Qu
RU1TR19QRVJJT0RfT0ZfTEFTVF9USU1F,7KKF65+J7KCcIOydtOuqqOyFmCDsi5zqsIQg64+Z6riw7ZmUIOusuOygnOuhnCDrp4jsp4Drp4kgMeu2hCDtkZzquLDsmqk=,64Ko7J2AIOyLnOqwhCBbMeu2hCDrr7jrp4xd
RU1TR19FUFRfMjAyM0NIVVNFT0s=,bmFu,MjAyM+y2lOyEnQ==
RU1TR19FUFRfMjAyM1RIWEdJVklORw==,bmFu,MjAyM+y2lOyImOqwkOyCrOygiA==
RU1TR19OT1RfWUVUX1NBTEVfU1RBUlRfVElNRQ==,7J2066qo7IWYIO2MkOunpCDquLDqsITsnbQg7Iuc7J6R65CY7KeAIOyViuydgCDqsr3smrDsl5Ag7IKs7Jqp,7JWE7KeBIOq1rOunpO2VoCDsiJgg7JeG7Iq164uI64ukLg==
RU1TR19IT1RLRVlfWVVUMQ==,bmFu,L+yctw==
RU1TR19FUlJfU0FMRV9UWVBF,bmFu,7YyQ66ekIO2DgOyehSh7fSnsnbQg7J287LmY7ZWY7KeAIOyViuyKteuLiOuLpC4=
RU1TR19FUlJfREFURV9UWVBF,bmFu,7YyQ66ekIOq4sOqwhCh7fSnsnbQg7J287LmY7ZWY7KeAIOyViuyKteuLiOuLpC4=
RU1TR19FUlJfVVNFX1RJTUU=,bmFu,7IKs7JqpIOq4sOqwhCh7fSnsnbQg7J287LmY7ZWY7KeAIOyViuyKteuLiOuLpC4=
